proximal_pos, distal_pos, proximal_vel, distal_vel, wrist_pos
-12342,13009,-27,10,0.490721941
-12509,13080,-195,77,0.490721941
-12509,13080,-195,77,0.490721941
-12509,13080,-195,77,0.490721941
-12509,13080,-195,77,0.490721941
-12559,13301,-245,293,0.490721941
-12559,13301,-245,293,0.490721941
-12599,13663,-283,652,0.490721941
-12599,13663,-283,652,0.490721941
-12599,13663,-283,652,0.490721941
-12607,14091,-268,1078,0.441850424
-12607,14091,-268,1078,0.441850424
-12607,14543,-176,1519,0.441850424
-12590,14543,-176,1519,0.441850424
-12593,15025,-85,1933,0.441850424
-12593,15025,-85,1933,0.441850424
-12593,15552,-35,2242,0.441850424
-12593,15552,-35,2242,0.441850424
-12593,15552,-35,2242,0.441850424
-12593,16129,5,2458,0.441850424
-12593,16129,5,2458,0.441850424
-12593,16709,15,2613,0.441850424
-12593,16709,15,2613,0.441850424
-12597,17264,-7,2720,0.441850424
-12597,17264,-7,2720,0.441850424
-12616,17788,-22,2762,0.441850424
-12616,17788,-22,2762,0.441850424
-12640,18275,-46,2727,0.441850424
-12640,18275,-46,2727,0.441850424
-12640,18730,-48,2608,0.441850424
-12640,18730,-48,2608,0.35020113
-12639,19584,-42,2323,0.35020113
-12639,19584,-42,2323,0.35020113
-12638,20012,-23,2227,0.35020113
-12638,20012,-23,2227,0.35020113
-12638,20012,-23,2227,0.35020113
-12638,20423,1,2149,0.35020113
-12638,20423,1,2149,0.35020113
-12638,20798,13,2070,0.35020113
-12638,20798,13,2070,0.35020113
-12638,21136,3,1978,0.35020113
-12638,21136,3,1978,0.35020113
-12638,21430,1,1851,0.35020113
-12638,21430,1,1851,0.35020113
-12638,21674,0,1669,0.35020113
-12638,21674,0,1669,0.35020113
-12638,21874,0,1459,0.35020113
-12638,21874,0,1459,0.35020113
-12638,22033,0,1242,0.35020113
-12638,22033,0,1242,0.35020113
-12638,22155,0,1025,0.28768152
-12638,22155,0,1025,0.28768152
-12638,22241,0,817,0.28768152
-12638,22241,0,817,0.28768152
-12638,22279,0,612,0.28768152
-12638,22279,0,612,0.28768152
-12638,22274,0,406,0.28768152
